"emissor","url","env","proporcao","rds","vpc","ec2","servicos_restantes","impostos","total"
conveniomartminas,https://regulatorio-conveniomartminas.izatta.tech/,PRD,0.009291,24.15,10.17,7.12,7.96,11.12,60.52
andorinha,https://regulatorio-andorinha.izatta.tech/,PRD,0.002823,36.97,10.17,7.12,7.96,11.12,73.34
becker,https://regulatorio-becker.izatta.tech/,PRD,0.012774,62.84,10.17,7.12,7.96,11.12,99.21
cartaoemporioalex,https://regulatorio-cartaoemporioalex.izatta.tech/,PRD,0.003445,38.59,10.17,7.12,7.96,11.12,74.96
bahamascred,https://regulatorio-bahamascred.izatta.tech/,PRD,0.015573,70.11,10.17,7.12,7.96,11.12,106.48
humanitarian,https://regulatorio-humanitarian.izatta.tech/,PRD,0.001579,33.74,10.17,7.12,7.96,11.12,70.11
credsea-new,https://regulatorio-credsea-new.izatta.tech/,PRD,0.019803,81.11,10.17,7.12,7.96,11.12,117.48
confpay,https://regulatorio-confpay.izatta.tech/,PRD,0.002201,35.36,10.17,7.12,7.96,11.12,71.73
cartaolopes,https://regulatorio-cartaolopes.izatta.tech/,PRD,0.011530,59.61,10.17,7.12,7.96,11.12,95.98
cartaolopes-new,https://regulatorio-cartaolopes-new.izatta.tech/,PRD,0.011530,59.61,10.17,7.12,7.96,11.12,95.98
imperatriz,https://regulatorio-imperatriz.izatta.tech/,PRD,0.011530,59.61,10.17,7.12,7.96,11.12,95.98
festclub-reprocessamento,https://regulatorio-festclub-reprocessamento.izatta.tech/,PRD,0.026703,79.58,10.17,7.12,7.96,11.12,115.95
crediffato,https://regulatorio-crediffato.izatta.tech/,PRD,0.019915,81.40,10.17,7.12,7.96,11.12,117.77
cartaoconfianca,https://regulatorio-cartaoconfianca.izatta.tech/,PRD,0.041750,118.69,10.17,7.12,7.96,11.12,155.06
vuon,https://regulatorio-vuon.izatta.tech/,PRD,0.045925,119.36,10.17,7.12,7.96,11.12,155.73
dev-reg-01,https://regulatorio-dev-reg-01.izatta.tech/,DEV,0.000000,0.00,10.17,7.12,7.96,11.12,36.37
infra-izatta,https://regulatorio-infra-izatta.izatta.tech/,PRD,0.000000,0.00,10.17,7.12,7.96,11.12,36.37
clubdemais,https://regulatorio-clubdemais.izatta.tech/,PRD,0.001579,4.10,10.17,7.12,7.96,11.12,40.47
servirconvenio,https://regulatorio-servirconvenio.izatta.tech/,PRD,0.001579,4.10,10.17,7.12,7.96,11.12,40.47
voxcred,https://regulatorio-voxcred.izatta.tech/,PRD,0.056311,146.35,10.17,7.12,7.96,11.12,182.72
nagumo,https://regulatorio-nagumo.izatta.tech/,PRD,0.001579,4.10,10.17,7.12,7.96,11.12,40.47
dev-reg-vigencia,https://regulatorio-dev-reg-vigencia.izatta.tech/,DEV,0.000000,0.00,10.17,7.12,7.96,11.12,36.37
dev-temp,https://regulatorio-dev-temp.izatta.tech/,DEV,0.000000,0.00,10.17,7.12,7.96,11.12,36.37
hml-consumo-externo,https://regulatorio-hml-consumo-externo.izatta.tech/,HML,0.000000,0.00,10.17,7.12,7.96,11.12,36.37
caderneta,https://regulatorio-caderneta.izatta.tech/,PRD,0.001579,4.10,10.17,7.12,7.96,11.12,40.47
dashboard-unificado,https://regulatorio-dashboard-unificado.izatta.tech/,HML,0.001579,4.10,10.17,7.12,7.96,11.12,40.47
lab-izatta-multitenancy,https://regulatorio-lab-izatta-multitenancy.izatta.tech/,DEV,0.001579,4.10,10.17,7.12,7.96,11.12,40.47
cassol,https://regulatorio-cassol.izatta.tech/,PRD,0.001579,4.10,10.17,7.12,7.96,11.12,40.47
drogal,https://regulatorio-drogal.izatta.tech/,PRD,0.001579,4.10,10.17,7.12,7.96,11.12,40.47
veran,https://regulatorio-veran.izatta.tech/,PRD,0.001579,4.10,10.17,7.12,7.96,11.12,40.47
taustepay,https://regulatorio-taustepay.izatta.tech/,PRD,0.002201,5.72,10.17,7.12,7.96,11.12,42.09
savegnago,https://regulatorio-savegnago.izatta.tech/,PRD,0.031433,111.33,10.17,7.12,7.96,11.12,147.70
avenida,https://regulatorio-avenida.izatta.tech/,PRD,0.173407,460.88,10.17,7.12,7.96,11.12,497.25
hml-reprocessamento-a,https://regulatorio-hml-reprocessamento-a.izatta.tech/,HML,0.000000,0.00,10.17,7.12,7.96,11.12,36.37
sol,https://regulatorio-sol.izatta.tech/,PRD,0.001579,4.10,10.17,7.12,7.96,11.12,40.47
milla,https://regulatorio-milla.izatta.tech/,PRD,0.002823,7.33,10.17,7.12,7.96,11.12,43.70
frigelar,https://regulatorio-frigelar.izatta.tech/,PRD,0.001579,4.10,10.17,7.12,7.96,11.12,40.47
servirprivate,https://regulatorio-servirprivate.izatta.tech/,PRD,0.003445,8.95,10.17,7.12,7.96,11.12,45.32
tvlar,https://regulatorio-tvlar.izatta.tech/,PRD,0.002201,5.72,10.17,7.12,7.96,11.12,42.09
obencard,https://regulatorio-obencard.izatta.tech/,PRD,0.003445,8.95,10.17,7.12,7.96,11.12,45.32
ngvcred,https://regulatorio-ngvcred.izatta.tech/,PRD,0.001579,4.10,10.17,7.12,7.96,11.12,40.47
bembarato,https://regulatorio-bembarato.izatta.tech/,PRD,0.001579,4.10,10.17,7.12,7.96,11.12,40.47
clubpay,https://regulatorio-clubpay.izatta.tech/,PRD,0.003445,8.95,10.17,7.12,7.96,11.12,45.32
condor,https://regulatorio-condor.izatta.tech/,PRD,0.002823,7.33,10.17,7.12,7.96,11.12,43.70
dev-reg-multitenancy,https://regulatorio-dev-reg-multitenancy.izatta.tech/,DEV,0.000000,0.00,10.17,7.12,7.96,11.12,36.37
hml-reprocessamento,https://regulatorio-hml-reprocessamento.izatta.tech/,HML,0.000000,0.00,10.17,7.12,7.96,11.12,36.37
caedu,https://regulatorio-caedu.izatta.tech/,PRD,0.116143,301.86,10.17,7.12,7.96,11.12,338.23
beckercalcados,https://regulatorio-becker-calcados.izatta.tech,PRD,0.001579,4.10,10.17,7.12,7.96,11.12,40.47
torra,https://regulatorio-torra.izatta.tech/,PRD,0.247056,642.11,10.17,7.12,7.96,11.12,678.48
soudi,https://regulatorio-soudi.izatta.tech/,PRD,0.006555,46.68,10.17,7.12,7.96,11.12,83.05
guanabara,https://regulatorio-guanabara.izatta.tech/,PRD,0.003445,38.59,10.17,7.12,7.96,11.12,74.96
facilprapagar,https://regulatorio-facilprapagar.izatta.tech/,PRD,0.004378,41.02,10.17,7.12,7.96,11.12,77.39
impecavel,https://regulatorio-impecavel.izatta.tech/,PRD,0.005684,44.41,10.17,7.12,7.96,11.12,80.78
cartaolevemais,https://regulatorio-cartaolevemais.izatta.tech/,PRD,0.009291,53.79,10.17,7.12,7.96,11.12,90.16
hml-reg-externo,https://regulatorio-hml-reg-externo.izatta.tech/,HML,0.007052,47.97,10.17,7.12,7.96,11.12,84.34
nossopay,https://regulatorio-nossopay.izatta.tech/,PRD,0.003445,38.59,10.17,7.12,7.96,11.12,74.96
flamcard,https://regulatorio-flamcard.izatta.tech/,PRD,0.005933,45.06,10.17,7.12,7.96,11.12,81.43
cartaomontreal,https://regulatorio-cartaomontreal.izatta.tech/,PRD,0.015262,69.30,10.17,7.12,7.96,11.12,105.67
martminas,https://regulatorio-martminas.izatta.tech/,PRD,0.006244,45.87,10.17,7.12,7.96,11.12,82.24
festclub,https://regulatorio-festclub.izatta.tech/,PRD,0.029500,106.31,10.17,7.12,7.96,11.12,142.68
